event_id,avg_bbox_size,step_count
424_2024-07-31_in_43,2077.8333333333335,6
424_2024-07-31_in_44,1866.6666666666667,9
424_2024-07-31_in_45,1862.6666666666667,6
424_2024-07-31_in_46,2099.8,5
424_2024-07-30_in_24,1981.8333333333333,6
424_2024-07-30_in_25,1833.2307692307693,13
424_2024-07-27_out_32,1983.8333333333333,24
424_2024-07-27_out_33,2326.1428571428573,14
424_2024-07-27_out_34,2427.0,13
424_2024-07-27_out_35,1936.857142857143,7
424_2024-07-27_in_33,3002.0,4
424_2024-07-27_in_34,1572.0,26
424_2024-07-26_in_38,4298.714285714285,7
424_2024-07-26_in_39,2136.1666666666665,12
424_2024-07-25_out_43,1927.36,25
424_2024-07-25_in_53,2104.3,10
424_2024-07-25_in_54,1838.2777777777778,18
424_2024-07-24_in_40,1946.923076923077,13
424_2024-07-23_in_31,1840.5384615384614,13
424_2024-07-23_in_32,2063.6666666666665,6
424_2024-07-20_in_28,1740.857142857143,14
424_2024-07-20_in_29,2408.0,5
424_2024-07-20_in_30,1817.8484848484848,33
424_2024-07-20_in_31,1910.3333333333333,6
424_2024-07-19_out_32,1556.6,5
424_2024-07-19_in_37,1549.1666666666667,6
424_2024-07-19_in_38,2151.25,4
424_2024-07-18_in_43,1957.0,10
424_2024-07-18_in_44,1616.8333333333333,30
424_2024-07-17_in_39,2440.4736842105262,19
424_2024-07-17_in_40,1972.2857142857142,7
424_2024-07-17_in_41,1638.5,6
424_2024-07-16_in_29,1647.9,10
424_2024-07-16_in_30,2388.153846153846,13
424_2024-07-13_in_28,1927.0,5
424_2024-07-13_in_29,2094.037037037037,27
424_2024-07-11_in_48,1834.6315789473683,19
424_2024-07-11_in_49,1910.8333333333333,6
424_2024-07-10_in_41,1702.875,8
424_2024-07-10_in_42,2913.5,4
424_2024-07-09_in_35,1878.45,20
424_2024-07-09_in_36,2046.8,5
424_2024-07-05_in_42,1553.3333333333333,6
424_2024-07-05_in_43,2060.8,5
424_2024-07-04_in_46,2023.6,5
424_2024-07-04_in_47,2937.75,4
424_2024-06-29_in_39,2443.2,5
424_2024-06-28_in_41,2806.0,5
424_2024-06-28_in_42,2403.5,6
424_2024-06-27_in_53,1609.6666666666667,6
424_2024-06-26_in_53,2484.3333333333335,6
424_2024-06-25_out_45,832.7777777777778,9
424_2024-06-25_in_35,1546.125,8
424_2024-06-25_in_36,1655.388888888889,36
424_2024-06-25_in_37,1514.2586206896551,58
424_2024-06-24_in_2,1772.857142857143,7
424_2024-06-22_in_38,2565.4,5
424_2024-06-22_in_39,2209.55,20
424_2024-06-21_in_57,1999.8,5
424_2024-06-21_in_58,1281.4285714285713,7
424_2024-06-20_in_46,2121.6,5
424_2024-06-20_in_47,1906.8,5
424_2024-06-19_in_39,3856.5,4
424_2024-06-19_in_40,1900.0,6
424_2024-06-18_in_44,1816.5294117647059,17
424_2024-06-18_in_45,2285.0,6
424_2024-06-15_in_42,2547.8,5
424_2024-06-15_in_43,1509.08,25
424_2024-06-11_in_40,2854.0,4
424_2024-06-11_in_41,1363.0,28
424_2024-06-08_in_49,2329.8,5
424_2024-06-08_in_50,2115.8333333333335,18
424_2024-06-07_in_65,2796.3333333333335,6
424_2024-06-07_in_66,1882.142857142857,7
424_2024-06-06_out_57,1669.0,14
424_2024-06-06_in_75,2052.0,5
424_2024-06-05_in_55,1923.5,6
424_2024-06-05_in_56,1268.1176470588234,17
301_2023-07-26_in_27,1321.125,8
301_2023-07-12_in_44,1426.3157894736842,19
301_2023-07-05_out_29,1381.4,5
301_2023-07-05_in_29,1391.857142857143,7
301_2023-07-05_in_30,1430.2941176470588,17
301_2023-06-10_out_22,1714.2,5
301_2023-02-17_out_23,579.4,10
301_2023-02-17_in_26,346.6666666666667,9
301_2023-01-25_out_29,535.5,10
301_2023-01-25_in_29,1351.5714285714287,7
301_2023-01-24_in_16,1455.111111111111,9
298_2023-09-29_out_64,1258.7777777777778,9
298_2023-09-29_in_61,1390.4285714285713,7
298_2023-06-01_in_37,1481.75,8
298_2023-06-01_in_38,1344.4285714285713,14
298_2023-01-20_out_35,1627.0,5
298_2023-01-20_out_36,1627.0,5
298_2023-01-20_in_36,844.3846153846154,13
298_2023-01-19_out_35,1513.3333333333333,18
298_2023-01-19_in_36,1290.0,7
298_2022-11-25_in_45,1621.875,8
298_2022-11-25_in_46,2560.3,10
298_2022-11-24_in_35,1237.7777777777778,9
298_2022-11-24_in_36,1644.7857142857142,14
298_2022-10-27_out_44,1534.0,5
298_2022-10-27_out_45,1439.4,5
298_2022-10-27_in_49,1380.0,7
298_2022-10-27_in_50,1734.857142857143,7
298_2022-10-26_out_20,427.8,10
298_2022-10-26_out_21,1394.1666666666667,6
298_2022-10-26_in_30,1160.7,10
298_2022-10-26_in_31,1919.7777777777778,9
298_2022-10-20_in_24,1213.5555555555557,9
298_2022-10-19_in_34,1843.2,15
298_2022-10-14_out_19,517.375,8
298_2022-10-14_out_20,1404.6,5
298_2022-10-14_in_20,434.14285714285717,14
298_2022-10-14_in_21,1268.4642857142858,28
278_2023-10-12_out_49,713.0,1
278_2023-10-12_in_54,1513.6666666666667,3
278_2023-06-10_in_17,1305.75,8
278_2023-05-26_in_29,1438.875,8
278_2023-04-21_in_26,846.3333333333334,6
278_2023-03-31_in_36,620.375,8
278_2023-03-16_in_16,1346.1666666666667,6
278_2023-03-03_in_23,1485.0,2
278_2023-02-10_in_28,1460.6,5
278_2023-02-03_out_26,634.5555555555555,9
278_2023-02-03_in_25,1369.5,6
278_2023-01-20_in_31,1168.142857142857,7
278_2022-10-18_out_22,1684.2,5
278_2022-10-18_out_23,1406.8333333333333,6
278_2022-10-18_in_22,1865.5333333333333,15
278_2022-10-18_in_23,1632.857142857143,7
191_2024-07-31_in_29,1349.71875,32
191_2024-07-30_out_21,1397.642857142857,14
191_2024-07-30_out_22,1289.1142857142856,35
191_2024-07-30_in_17,1604.4848484848485,33
191_2024-07-30_in_18,1343.1764705882354,17
191_2024-07-27_out_27,1306.4074074074074,27
191_2024-07-27_out_28,1411.3846153846155,13
191_2024-07-27_in_28,1521.6744186046512,43
191_2024-07-27_in_29,1586.82,50
191_2024-07-25_out_31,1352.7,20
191_2024-07-25_out_32,1293.5,4
191_2024-07-25_in_43,1541.44,25
191_2024-07-24_in_29,1343.6341463414635,41
191_2024-07-23_out_22,1412.3333333333333,9
191_2024-07-23_out_23,1342.8181818181818,11
191_2024-07-23_in_24,1285.5762711864406,59
191_2024-07-23_in_25,2030.0,5
191_2024-07-20_out_21,1242.2727272727273,11
191_2024-07-20_out_22,1758.142857142857,7
191_2024-07-20_in_19,1604.5365853658536,41
191_2024-07-20_in_20,1469.2727272727273,22
191_2024-07-19_out_22,1885.0,4
191_2024-07-19_out_23,1192.0,5
191_2024-07-19_in_25,1323.142857142857,7
191_2024-07-19_in_26,1019.0,3
191_2024-07-18_out_19,1348.1764705882354,17
191_2024-07-18_out_20,1164.3333333333333,6
191_2024-07-18_in_24,1838.75,28
191_2024-07-18_in_25,1134.5263157894738,19
191_2024-07-17_out_15,1709.2,5
191_2024-07-17_out_16,1310.4,5
191_2024-07-17_in_19,1280.2307692307693,39
191_2024-07-17_in_20,1452.4705882352941,17
191_2024-07-16_out_16,1604.6,5
191_2024-07-16_out_17,1070.4444444444443,9
191_2024-07-16_in_20,1353.3050847457628,59
191_2024-07-16_in_21,2072.8333333333335,12
191_2024-07-13_out_18,1221.4,5
191_2024-07-13_out_19,317.6666666666667,3
191_2024-07-13_in_17,1614.6739130434783,46
191_2024-07-13_in_18,1051.3846153846155,13
191_2024-07-11_out_29,1301.5714285714287,14
191_2024-07-11_out_30,1394.7391304347825,23
191_2024-07-11_in_29,1359.4905660377358,53
191_2024-07-11_in_30,1382.3333333333333,24
191_2024-07-10_out_16,947.4,5
191_2024-07-10_in_20,1365.04,50
191_2024-07-09_out_24,1447.942857142857,35
191_2024-07-09_in_28,1335.0,51
191_2024-07-09_in_29,1345.5625,16
191_2024-07-06_in_21,1092.375,8
191_2024-07-06_in_22,1184.0,7
191_2024-07-05_out_23,1325.7692307692307,13
191_2024-07-05_out_24,1813.0,3
191_2024-07-05_out_25,1643.090909090909,11
191_2024-07-05_in_23,1357.0851063829787,47
191_2024-07-05_in_24,1557.9666666666667,30
191_2024-07-05_in_25,1353.2,5
191_2024-07-04_out_23,1188.25,4
191_2024-07-04_out_24,1378.5652173913043,23
191_2024-07-04_in_24,1454.4285714285713,7
191_2024-07-04_in_25,945.375,8
191_2024-07-03_out_40,1132.3333333333333,6
191_2024-07-03_in_43,1527.4375,32
191_2024-06-29_out_20,1584.4,5
191_2024-06-29_out_22,1140.2,5
191_2024-06-29_in_26,1209.88,50
191_2024-06-29_in_27,1052.0,7
191_2024-06-29_in_28,1685.4666666666667,15
191_2024-06-28_out_21,1546.75,12
191_2024-06-28_in_25,1460.2,55
191_2024-06-28_in_26,1278.5714285714287,21
191_2024-06-27_out_27,1378.3529411764705,17
191_2024-06-27_out_28,1440.0,6
191_2024-06-27_in_33,1404.4736842105262,57
191_2024-06-27_in_34,1202.2758620689656,29
191_2024-06-26_out_27,1139.0666666666666,15
191_2024-06-26_out_28,1177.4545454545455,11
191_2024-06-26_in_30,1631.3714285714286,35
191_2024-06-26_in_31,1681.5384615384614,13
191_2024-06-25_out_36,1170.4166666666667,12
191_2024-06-25_in_26,1218.5238095238096,42
191_2024-06-22_out_30,1379.090909090909,11
191_2024-06-22_in_24,1562.7916666666667,24
191_2024-06-22_in_25,1188.5714285714287,14
191_2024-06-21_out_31,1111.4,5
191_2024-06-21_out_32,1593.3125,16
191_2024-06-21_in_34,1607.3,30
191_2024-06-21_in_35,1438.7142857142858,7
191_2024-06-20_out_15,930.6,5
191_2024-06-20_out_16,1098.4615384615386,13
191_2024-06-20_in_28,1295.6538461538462,52
191_2024-06-20_in_29,1245.5555555555557,18
191_2024-06-19_out_26,1509.2727272727273,11
191_2024-06-19_in_27,1395.1785714285713,56
191_2024-06-19_in_28,1589.375,40
191_2024-06-18_out_28,942.25,8
191_2024-06-18_out_29,1242.8333333333333,12
191_2024-06-18_in_30,1264.28125,32
191_2024-06-15_out_31,1214.9565217391305,23
191_2024-06-15_in_30,964.5,8
191_2024-06-15_in_31,1552.2307692307693,13
191_2024-06-11_out_27,1314.3333333333333,18
191_2024-06-11_out_28,1391.4615384615386,13
191_2024-06-11_in_29,1222.1818181818182,44
191_2024-06-11_in_30,1233.9545454545455,44
191_2024-06-08_out_29,1236.0,26
191_2024-06-08_in_39,1425.1076923076923,65
191_2024-06-08_in_40,1281.6666666666667,30
191_2024-06-07_out_35,1224.0,17
191_2024-06-07_out_36,1330.56,25
191_2024-06-07_in_45,1197.1666666666667,30
191_2024-06-07_in_46,1176.439024390244,41
191_2024-06-06_out_34,1273.5,4
191_2024-06-06_in_38,1463.121212121212,33
191_2024-06-05_out_29,1586.0,4
191_2024-06-05_out_30,1157.3333333333333,27
191_2024-06-05_in_38,1375.9574468085107,47
191_2024-06-05_in_39,1674.8387096774193,31
114_2024-07-19_out_18,1592.25,4
114_2024-07-19_in_19,1345.0,7
114_2024-07-19_in_20,1917.5,8
114_2024-06-25_in_17,1257.8333333333333,6
114_2024-06-19_out_16,1795.8,5
114_2024-06-11_in_18,2217.9285714285716,14
114_2024-06-08_in_28,1587.25,12
114_2024-06-08_in_29,987.4,15
114_2024-06-07_out_27,1754.6666666666667,6
114_2024-06-05_out_18,1732.5555555555557,9
114_2024-06-05_out_19,1694.076923076923,13
114_2024-06-05_in_27,1465.1875,32
114_2024-06-05_in_28,1792.625,8
114_2024-06-04_out_7,1669.0,5
114_2024-06-04_out_8,1537.0,6
114_2024-06-04_in_10,1622.2142857142858,14
114_2024-06-04_in_9,1604.5384615384614,13
114_2024-05-30_out_16,1830.2,5
114_2024-05-30_out_17,1413.5714285714287,7
114_2024-05-29_out_21,1558.1666666666667,6
114_2024-05-29_out_22,1918.2727272727273,11
114_2024-05-29_in_23,1371.875,8
114_2024-05-29_in_24,1559.6666666666667,6
114_2024-05-28_out_12,1999.25,4
114_2024-05-28_out_13,1716.0,6
114_2024-05-25_out_11,1751.3333333333333,6
114_2024-05-25_in_14,1480.0526315789473,19
114_2024-05-23_out_16,1460.4,5
114_2024-05-22_out_15,1686.5,28
114_2024-05-18_out_4,1836.0,4
114_2024-05-17_out_17,1584.0,5
114_2024-05-17_out_18,1744.6666666666667,15
114_2024-05-17_out_19,1669.0,6
114_2024-04-19_out_14,1473.0,6
114_2024-04-19_out_15,1710.6,5
114_2024-04-19_in_18,1443.5555555555557,9
114_2024-04-19_in_19,1667.25,8
114_2024-04-18_out_24,1551.5714285714287,7
114_2024-04-18_out_25,1724.0,6
114_2024-04-18_in_20,1723.6666666666667,6
114_2024-04-17_out_20,1622.0,13
114_2024-04-17_out_21,1633.5,10
114_2024-04-17_in_21,1398.375,8
114_2024-04-17_in_22,2270.875,8
114_2024-04-16_in_17,1498.157894736842,19
114_2024-04-12_out_16,1655.75,4
114_2024-04-12_out_17,1444.2,20
114_2024-04-11_out_13,1707.8,5
114_2024-04-06_out_10,1700.0,5
114_2024-04-06_out_8,1498.0,6
114_2024-04-06_out_9,1685.0,6
114_2024-04-06_in_6,1448.5714285714287,7
114_2024-04-06_in_7,1615.857142857143,7
114_2024-04-06_in_8,1449.111111111111,9
114_2024-04-05_out_6,1729.5,4
114_2024-04-05_out_7,1323.6666666666667,6
114_2024-04-05_in_6,1443.6666666666667,9
114_2024-04-05_in_7,1472.875,8
114_2024-04-04_out_10,1784.0,4
114_2024-04-04_out_11,1630.4545454545455,11
114_2024-04-04_in_5,1675.857142857143,7
114_2024-04-04_in_6,1385.9,10
114_2024-01-10_out_12,1839.8,5
114_2024-01-10_out_13,1788.6,5
114_2024-01-10_in_11,1247.375,8
114_2024-01-10_in_12,1280.375,8
114_2024-01-09_out_21,1586.1666666666667,6
114_2024-01-09_out_22,1505.375,8
114_2024-01-09_in_18,1298.375,8
114_2024-01-09_in_19,1606.142857142857,7
114_2023-12-22_out_10,1538.2,10
114_2023-12-22_out_11,1558.5,4
114_2023-12-22_out_9,1868.6,5
114_2023-12-22_in_6,1409.75,8
114_2023-12-22_in_7,1475.2857142857142,7
114_2023-12-22_in_8,1379.3333333333333,9
114_2023-12-21_out_10,1822.3333333333333,6
114_2023-12-21_out_9,1581.3333333333333,6
114_2023-12-21_in_10,1385.625,8
114_2023-12-21_in_11,1422.7777777777778,9
114_2023-12-20_out_18,1767.0,6
114_2023-12-20_in_18,1128.7777777777778,9
114_2023-12-15_out_8,1340.55,20
114_2023-12-15_in_7,1503.5555555555557,9
114_2023-12-14_out_11,1627.75,4
114_2023-12-14_in_9,1213.25,8
114_2023-12-13_out_12,1711.4,5
114_2023-12-13_in_14,1531.142857142857,7
114_2023-12-12_out_21,1765.0,6
114_2023-12-12_out_22,1386.0,3
114_2023-12-12_in_17,1338.625,8
114_2023-12-12_in_18,1423.0,7
114_2023-12-08_out_6,1798.5333333333333,15
114_2023-12-08_out_7,2073.2,5
114_2023-12-08_in_7,1501.6666666666667,9
114_2023-12-08_in_8,1352.4444444444443,9
114_2023-12-07_out_10,1650.4,5
114_2023-12-07_out_11,1691.7142857142858,7
114_2023-12-07_out_9,1780.4285714285713,7
114_2023-12-07_in_10,1345.4444444444443,9
114_2023-12-07_in_8,1371.111111111111,9
114_2023-12-07_in_9,1266.111111111111,9
114_2023-12-06_out_9,1486.2857142857142,7
114_2023-12-06_in_6,1626.875,8
114_2023-12-06_in_7,1417.0,6
114_2023-12-05_out_10,1441.1818181818182,11
114_2023-12-05_out_11,1816.7272727272727,11
114_2023-12-05_in_9,1353.5294117647059,17
114_2023-11-30_out_15,1915.4,5
114_2023-11-30_in_18,1539.0,8
114_2023-11-30_in_19,1724.6,15
114_2023-11-30_in_20,1461.5,8
114_2023-11-29_in_13,1629.9285714285713,28
114_2023-11-29_in_14,1667.0,7
114_2023-11-29_in_15,1304.2857142857142,7
114_2023-11-28_in_9,1622.0,7
114_2023-11-24_out_10,1543.6666666666667,6
114_2023-11-24_out_11,1530.5,8
114_2023-11-24_in_12,1647.25,8
114_2023-11-24_in_13,2031.142857142857,7
114_2023-11-22_out_21,1695.4285714285713,7
114_2023-11-22_out_23,1463.3333333333333,12
114_2023-11-22_out_24,1485.7272727272727,11
114_2023-11-22_out_25,1586.75,8
114_2023-11-22_out_26,1597.1666666666667,6
114_2023-11-22_out_27,1558.0,2
114_2023-11-22_out_28,1851.4705882352941,17
114_2023-11-22_in_20,1547.0,9
114_2023-11-22_in_21,1452.6153846153845,13
114_2023-11-21_in_10,1499.25,8
114_2023-11-21_in_8,1939.125,8
114_2023-11-21_in_9,1569.75,8
114_2023-11-16_in_22,1631.375,8
114_2023-11-16_in_23,1580.5,16
114_2023-11-15_in_8,1543.7777777777778,9
114_2023-11-15_in_9,1996.0,12
114_2023-11-10_in_12,1392.25,8
114_2023-11-10_in_13,1469.0,7
114_2023-11-10_in_14,1399.7857142857142,14
114_2023-11-08_in_6,1431.7777777777778,9
114_2023-11-08_in_7,1591.875,8
114_2023-11-07_out_9,1837.0,6
114_2023-11-07_in_11,1288.125,16
114_2023-11-07_in_12,1517.0,8
114_2023-11-04_out_12,1803.8,5
114_2023-11-03_in_5,1325.3333333333333,9
114_2023-11-02_in_18,1496.142857142857,7
114_2023-11-02_in_19,1297.909090909091,11
114_2023-11-01_in_11,1591.875,8
114_2023-11-01_in_12,1621.0,8
114_2023-10-27_out_16,1101.76,25
114_2023-10-27_in_17,1583.5714285714287,7
114_2023-10-27_in_18,1139.6944444444443,36
114_2023-10-26_out_32,1541.111111111111,9
114_2023-10-26_in_29,1440.625,8
114_2023-10-26_in_30,1788.3333333333333,6
114_2023-10-24_in_18,1464.4444444444443,9
114_2023-10-24_in_19,1568.6,15
114_2023-10-12_in_25,1019.0,3
114_2023-10-12_in_26,1429.3333333333333,6
114_2023-10-07_in_12,1287.7777777777778,9
114_2023-10-07_in_13,1196.3333333333333,9
114_2023-10-07_in_14,1944.357142857143,14
114_2023-10-06_in_19,1429.5555555555557,9
114_2023-10-06_in_20,1697.142857142857,7
114_2023-10-05_in_13,1588.75,8
114_2023-10-05_in_14,1702.0,8
114_2023-09-30_in_19,1881.857142857143,7
114_2023-09-30_in_20,1916.5555555555557,9
114_2023-09-29_in_23,1679.375,8
114_2023-09-28_in_20,1480.0,9
114_2023-09-28_in_21,1464.9,10
114_2023-09-27_in_25,1718.7142857142858,7
114_2023-09-26_out_19,861.4285714285714,7
114_2023-09-26_in_19,1525.3,10
114_2023-09-26_in_20,1630.1666666666667,12
114_2023-09-15_in_9,1363.5,4
114_2023-09-14_out_12,1762.0,2
114_2023-07-26_in_15,1604.2222222222222,9
114_2023-07-21_out_20,1641.4285714285713,7
114_2023-07-21_in_18,1220.1818181818182,11
114_2023-07-15_in_12,1530.2222222222222,9
114_2023-07-12_in_17,1477.5714285714287,7
114_2023-07-05_in_19,1615.8461538461538,13
114_2023-06-28_in_10,1448.25,8
114_2023-06-27_in_7,2078.4285714285716,7
114_2023-06-23_in_10,1632.6666666666667,9
114_2023-06-22_in_7,1504.5555555555557,9
114_2023-06-21_in_15,1661.875,8
114_2023-06-20_in_15,1387.2222222222222,9
114_2023-06-14_in_13,1376.6,10
114_2023-06-13_in_14,1440.75,8
114_2023-06-09_in_13,1544.5555555555557,9
114_2023-06-08_in_11,1549.1764705882354,17
114_2023-06-06_in_9,1410.125,8
114_2023-06-02_in_12,1770.888888888889,9
114_2023-06-01_in_12,1725.75,8
114_2023-05-31_in_20,1428.75,12
114_2023-05-30_in_14,1592.857142857143,7
114_2023-05-25_in_20,1470.6666666666667,9
114_2023-05-24_in_11,1626.25,8
114_2023-05-20_in_6,1522.0,8
114_2023-05-13_in_10,1656.7777777777778,9
114_2023-05-12_in_15,1595.375,8
114_2023-05-10_in_8,1368.0,10
114_2023-05-06_in_4,1630.9,10
114_2023-04-29_in_24,1605.3076923076924,13
114_2023-04-26_in_10,2120.0,1
114_2023-04-25_in_10,1351.0833333333333,12
114_2023-04-22_in_18,829.8,5
114_2023-04-21_in_7,1293.0,6
114_2023-04-20_in_13,897.0,5
114_2023-04-19_in_8,1137.8,5
114_2023-04-15_in_11,1025.5,6
114_2023-04-01_in_13,1364.2,5
114_2023-03-30_in_9,1290.4,5
100_2024-07-20_out_12,1514.7142857142858,7
100_2024-07-18_in_17,1449.9130434782608,46
100_2024-07-13_in_11,2094.037037037037,27
100_2024-07-11_out_20,1746.0,33
100_2024-07-11_out_21,1836.2222222222222,9
100_2024-07-11_in_22,1815.5882352941176,34
100_2024-07-04_out_14,1566.9032258064517,31
100_2024-07-04_in_13,1192.1714285714286,35
100_2024-06-27_out_18,1356.051282051282,39
100_2024-06-27_in_21,1630.4761904761904,21
100_2024-06-20_in_18,1364.9130434782608,23
100_2024-06-18_in_17,2478.4285714285716,7
100_2024-06-06_in_21,1760.0,8
100_2024-06-06_in_22,1374.6363636363637,33
100_2024-04-19_out_12,1412.6,5
100_2024-04-19_out_13,1645.6842105263158,19
100_2024-04-18_out_22,1539.5,10
100_2023-12-06_out_7,1708.4,5
100_2023-12-06_in_5,2188.1428571428573,7
100_2023-12-01_out_17,1733.1,10
100_2023-12-01_in_13,2132.4285714285716,7
100_2023-11-30_out_12,1676.8,20
100_2023-11-30_out_13,1610.0625,16
100_2023-11-30_in_14,1318.5555555555557,9
100_2023-11-30_in_15,2006.3076923076924,26
100_2023-11-30_in_16,1366.032258064516,31
100_2023-11-29_out_12,1554.6,5
100_2023-11-29_in_12,1634.125,8
100_2023-11-28_out_13,1605.5,6
100_2023-11-28_in_7,1575.0,9
100_2023-11-25_out_4,1910.5,18
100_2023-11-25_out_5,1714.6666666666667,3
100_2023-11-25_in_4,1541.3,10
100_2023-11-25_in_5,1425.25,20
100_2023-11-24_out_9,1561.75,12
100_2023-11-24_in_10,1788.0,7
100_2023-11-23_out_19,2022.7,20
100_2023-11-23_out_20,1594.4,5
100_2023-11-23_out_21,1253.4285714285713,7
100_2023-11-23_in_15,1917.857142857143,7
100_2023-11-23_in_16,1655.5,14
100_2023-11-22_out_19,1583.4,5
100_2023-11-22_in_17,1988.5714285714287,7
100_2023-11-21_out_8,1630.1666666666667,6
100_2023-11-21_in_7,1742.9375,16
100_2023-11-18_out_12,1472.5454545454545,22
100_2023-11-18_out_13,623.3333333333334,9
100_2023-11-18_in_10,1332.2105263157894,19
100_2023-11-18_in_9,1576.2857142857142,7
100_2023-11-16_out_22,1899.24,25
100_2023-11-16_in_20,1410.090909090909,11
100_2023-11-16_in_21,1444.4666666666667,15
100_2023-11-15_out_6,1811.2222222222222,9
100_2023-11-15_in_7,1739.2857142857142,7
100_2023-11-14_in_4,1671.5714285714287,7
100_2023-11-11_out_13,1365.6470588235295,34
100_2023-11-11_out_14,1901.6,5
100_2023-11-11_in_11,1513.142857142857,7
100_2023-11-11_in_12,1535.5294117647059,17
100_2023-11-10_out_17,1682.6,5
100_2023-11-10_in_11,1578.5,8
100_2023-11-09_out_12,1576.8461538461538,26
100_2023-11-09_out_13,1870.2,10
100_2023-11-09_in_12,1705.375,8
100_2023-11-09_in_13,1575.0,24
100_2023-11-08_in_5,2039.4285714285713,7
100_2023-11-07_out_8,1427.5,6
100_2023-11-07_in_10,1721.125,8
100_2023-11-04_out_10,1792.1666666666667,6
100_2023-11-04_out_11,1994.2,5
100_2023-11-04_in_6,1743.157894736842,38
100_2023-11-03_in_4,2008.5714285714287,7
100_2023-11-02_out_16,1496.5,12
100_2023-11-02_out_17,1680.6,5
100_2023-11-02_in_16,1493.25,8
100_2023-11-02_in_17,1343.3181818181818,22
100_2023-11-01_in_10,1574.125,8
100_2023-10-31_out_12,1689.0,5
100_2023-10-31_in_16,1329.625,8
100_2023-10-31_in_17,1345.857142857143,14
100_2023-10-26_out_29,1935.2,15
100_2023-10-26_out_30,1693.6,5
100_2023-10-26_in_26,726.2727272727273,11
100_2023-10-26_in_27,1441.0,9
100_2023-10-25_out_20,1410.0,5
100_2023-10-25_in_19,1405.0,7
100_2023-10-24_out_17,1541.090909090909,11
100_2023-10-24_in_17,1396.625,8
100_2023-10-12_out_21,1271.0,1
100_2023-10-12_in_19,1091.6666666666667,3
100_2023-10-12_in_20,1065.5714285714287,14
100_2023-10-07_out_11,644.2,10
100_2023-10-07_in_10,950.2,10
100_2023-10-06_out_16,715.5,10
100_2023-10-06_in_17,1742.142857142857,7
100_2023-10-05_out_10,1855.5384615384614,13
100_2023-10-05_out_11,825.4444444444445,9
100_2023-10-05_in_11,1807.625,8
100_2023-10-05_in_12,1290.2941176470588,17
100_2023-10-04_out_17,763.0,9
100_2023-10-04_in_19,1253.9166666666667,12
100_2023-09-30_out_18,1663.6363636363637,11
100_2023-09-30_out_19,1618.5625,16
100_2023-09-30_in_16,1479.125,8
100_2023-09-30_in_17,1556.52,25
100_2023-09-29_out_25,626.9166666666666,12
100_2023-09-29_in_22,1567.0,8
100_2023-09-28_out_20,1383.9032258064517,31
100_2023-09-28_in_18,1330.75,8
100_2023-09-27_in_23,2082.0,8
100_2023-09-26_out_18,1692.8,10
100_2023-09-26_in_17,1508.888888888889,9
100_2023-09-15_in_7,1363.5,4
